Report,Critical,High,Medium,Low,CPEs,Test
PSY408-02_2025-06-07_14-17-54,24,229,101,6,"git, microsoft:excel:2010, microsoft:office:2010, microsoft:onenote:2010, microsoft:outlook:2010, microsoft:powerpoint:2010, microsoft:publisher:2010, microsoft:webp_image, microsoft:word:2010, r:r_for_windows, tortoisegit:tortoisegit, , ",
LAW219-001-0423_2025-06-02_14-16-04,13,200,56,4,"7-zip, microsoft:excel:2010, microsoft:office:2010, microsoft:office:2010:sp1, microsoft:powerpoint:2010, microsoft:visual_c++:2008, microsoft:word:2010, microsoft:word:2010:sp1, , ",
law120-010,12,195,54,2,"microsoft:excel:2010, microsoft:office:2010, microsoft:office:2010, microsoft:powerpoint:2010, microsoft:webp_image, microsoft:word:2010, microsoft:word:2010, , ",
LAW006-004_2025-06-14_11-55-13,91,308,106,15,"foxit:reader, microsoft:excel:2013, microsoft:office:2013, microsoft:onenote:2013, microsoft:outlook:2013, microsoft:paint_3d, microsoft:powerpoint:2013, microsoft:publisher:2013, microsoft:webp_image, microsoft:word:2013, , ",
LAW616-001_2025-06-14_11-47-29,88,296,97,14,"foxit:reader, microsoft:excel:2013, microsoft:office:2013, microsoft:onenote:2013, microsoft:outlook:2013, microsoft:powerpoint:2013, microsoft:publisher:2013, microsoft:webp_image, microsoft:word:2013, , ",
PSY411-0004_2025-06-07_13-48-47,17,225,71,7,"7-zip, git, microsoft:excel:2010, microsoft:office:2010, microsoft:office:2010:sp1, microsoft:powerpoint:2010, microsoft:visual_c++:2005, microsoft:webp_image, microsoft:word:2010, microsoft:word:2010:sp1, r:r_for_windows, , ",
FSF307-000004_2025-05-28_14-02-35,27,239,122,3,"microsoft:edge, microsoft:excel:2010, microsoft:office:2010, microsoft:office:2010:sp1, microsoft:powerpoint:2010, microsoft:webp_image, microsoft:word:2010, microsoft:word:2010:sp1, , , ",
LAW119-0001_2025-06-07_11-18-58,0,3,1,0,"microsoft:webp_image, , ",
LAW004-005_2025-06-14_11-44-47,95,310,106,15,"foxit:reader, microsoft:excel:2013, microsoft:office:2013, microsoft:onenote:2013, microsoft:outlook:2013, microsoft:paint_3d, microsoft:powerpoint:2013, microsoft:publisher:2013, microsoft:webp_image, microsoft:word:2013, oracle:jre:1.8.0, , ",
PSY417-002-0423_2025-06-07_14-37-00,113,351,169,15,"7-zip, git, microsoft:excel:2010, microsoft:office:2010, microsoft:office:2010:sp1, microsoft:onenote:2010, microsoft:outlook:2010, microsoft:powerpoint:2010, microsoft:publisher:2010, microsoft:visual_c++:2008, microsoft:webp_image, microsoft:word:2010, microsoft:word:2010:sp1, mozilla:firefox, r:r_for_windows, tortoisegit:tortoisegit, , ",
PSY426-016_2025-06-07_15-31-40,157,240,185,9,"7-zip, microsoft:webp_image, mozilla:firefox, r:r_for_windows, videolan:vlc_media_player, , ",
LAW107-001_2025-05-31_16-28-16,14,206,58,2,"7-zip, adobe:acrobat_dc:::continuous, microsoft:excel:2010, microsoft:office:2010, microsoft:office:2010:sp1, microsoft:powerpoint:2010, microsoft:webp_image, microsoft:word:2010, microsoft:word:2010:sp1, , ",
PSY417-003_2025-06-07_15-17-50,161,574,689,16,"7-zip, google:pepper_flash, microsoft:.net_framework:4.8, microsoft:3d_builder, microsoft:excel:2010, microsoft:office:2010, microsoft:office:2010:sp1, microsoft:powerpoint:2010, microsoft:visual_c++:2005, windows_defender, microsoft:word:2010, microsoft:word:2010:sp1, , , ",
PSY426-001_2025-06-07_15-38-35,31,220,87,5,"microsoft:excel:2013, microsoft:office:2013, microsoft:onenote:2013, microsoft:outlook:2013, microsoft:powerpoint:2013, microsoft:publisher:2013, microsoft:webp_image, microsoft:word:2013, , ",
FSF300-004_2025-06-07_12-28-29,88,296,97,14,"foxit:reader, microsoft:excel:2013, microsoft:office:2013, microsoft:onenote:2013, microsoft:outlook:2013, microsoft:powerpoint:2013, microsoft:publisher:2013, microsoft:webp_image, microsoft:word:2013, , ",
PSY426-008_2025-06-07_15-35-24,43,269,127,10,"7-zip, gimp, git, libreoffice, microsoft:excel:2013, microsoft:office:2013, microsoft:onenote:2013, microsoft:outlook:2013, microsoft:powerpoint:2013, microsoft:publisher:2013, microsoft:visual_studio_code:system_installer, microsoft:webp_image, microsoft:word:2013, pypi:pip, r:r_for_windows, winrar, , ",
PSY408-06_2025-06-07_14-15-20,24,229,99,6,"git, microsoft:excel:2010, microsoft:office:2010, microsoft:onenote:2010, microsoft:outlook:2010, microsoft:powerpoint:2010, microsoft:publisher:2010, microsoft:webp_image, microsoft:word:2010, r:r_for_windows, tortoisegit:tortoisegit, , ",
LAW204-0001_2025-06-02_12-53-26,13,200,55,4,"7-zip, microsoft:excel:2010, microsoft:office:2010, microsoft:office:2010:sp1, microsoft:powerpoint:2010, microsoft:visual_c++:2005, microsoft:webp_image, microsoft:word:2010, microsoft:word:2010:sp1, , ",
PSY410-0002-092_2025-06-07_14-27-49,22,232,77,8,"7-zip, git, microsoft:excel:2010, microsoft:office:2010, microsoft:office:2010:sp1, microsoft:onenote:2010, microsoft:outlook:2010, microsoft:powerpoint:2010, microsoft:publisher:2010, microsoft:visual_c++:2005, microsoft:webp_image, microsoft:word:2010, microsoft:word:2010:sp1, r:r_for_windows, tortoisegit:tortoisegit, , ",
PSY426-012_2025-06-07_15-54-02,43,269,130,10,"7-zip, gimp, git, libreoffice, microsoft:excel:2013, microsoft:office:2013, microsoft:onenote:2013, microsoft:outlook:2013, microsoft:powerpoint:2013, microsoft:publisher:2013, microsoft:visual_studio_code:system_installer, microsoft:webp_image, microsoft:word:2013, pypi:pip, r:r_for_windows, winrar, , ",
PSY428-0001_2025-06-07_15-01-38,12,200,55,2,"7-zip, microsoft:excel:2010, microsoft:office:2010, microsoft:office:2010:sp1, microsoft:powerpoint:2010, microsoft:visual_c++:2005, microsoft:webp_image, microsoft:word:2010, microsoft:word:2010:sp1, , ",
PSY407-001_2025-06-07_13-49-21,18,207,62,3,"7-zip, microsoft:excel:2010, microsoft:office:2010, microsoft:office:2010:sp1, microsoft:outlook:2010, microsoft:powerpoint:2010, microsoft:visual_c++:2005, microsoft:visual_c++:2008, microsoft:webp_image, microsoft:word:2010, microsoft:word:2010:sp1, , ",
PSY023-003_2025-06-14_08-08-44,31,222,88,4,"microsoft:excel:2013, microsoft:office:2013, microsoft:onenote:2013, microsoft:outlook:2013, microsoft:paint_3d, microsoft:powerpoint:2013, microsoft:publisher:2013, microsoft:webp_image, microsoft:word:2013, , ",
LAW-12-014-02_2025-06-20_12-36-12,22,214,78,4,"7-zip, microsoft:excel:2010, microsoft:office:2010, microsoft:office:2010:sp1, microsoft:outlook:2010, microsoft:powerpoint:2010, microsoft:word:2010, microsoft:word:2010:sp1, winrar, , ",
PSY409-002,93,301,98,14,"foxit:reader, microsoft:excel:2013, microsoft:office:2013, microsoft:onenote:2013, microsoft:outlook:2013, microsoft:powerpoint:2013, microsoft:publisher:2013, microsoft:visual_c++:2005, microsoft:webp_image, microsoft:word:2013, winrar, , ",
PSY408-03_2025-06-07_14-16-14,24,229,99,6,"git, microsoft:excel:2010, microsoft:office:2010, microsoft:onenote:2010, microsoft:outlook:2010, microsoft:powerpoint:2010, microsoft:publisher:2010, microsoft:webp_image, microsoft:word:2010, r:r_for_windows, tortoisegit:tortoisegit, , ",
LAW217-002_2025-06-02_14-40-07,258,597,361,17,"7-zip, adobe:flash_player, microsoft:excel:2010, microsoft:office:2010, microsoft:office:2010:sp1, microsoft:powerpoint:2010, microsoft:visual_c++:2005, microsoft:word:2010, microsoft:word:2010:sp1, mozilla:firefox, , ",
PSY424-001_2025-06-07_14-38-43,31,221,87,4,"microsoft:excel:2013, microsoft:office:2013, microsoft:onenote:2013, microsoft:outlook:2013, microsoft:powerpoint:2013, microsoft:publisher:2013, microsoft:visual_c++:2005, microsoft:webp_image, microsoft:word:2013, , ",
law122-000003,86,283,86,14,"foxit:reader, microsoft:excel:2013, microsoft:office:2013, microsoft:powerpoint:2013, microsoft:webp_image, microsoft:word:2013, winrar, , ",
LAW118-001_2025-06-07_11-35-41,14,205,56,2,"7-zip, microsoft:3d_builder, microsoft:excel:2010, microsoft:office:2010, microsoft:office:2010:sp1, microsoft:powerpoint:2010, microsoft:webp_image, microsoft:word:2010, microsoft:word:2010:sp1, , ",
LAW216-001_2025-06-02_13-40-00,12,194,55,2,"microsoft:excel:2010, microsoft:office:2010, microsoft:office:2010:sp1, microsoft:powerpoint:2010, microsoft:word:2010, microsoft:word:2010:sp1, , ",
LAW106-001_2025-05-31_15-15-42,61,100,35,12,"7-zip, foxit:reader, microsoft:webp_image, , ",
PSY426-003_2025-06-07_15-39-17,47,74,55,4,"7-zip, inkscape:inkscape, microsoft:webp_image, mozilla:firefox, r:r_for_windows, videolan:vlc_media_player, , ",
LAW109-001_2025-05-31_16-26-56,18,324,123,15,"7-zip, adobe:acrobat_dc:::continuous, microsoft:excel:2010, microsoft:office:2010, microsoft:office:2010:sp1, microsoft:powerpoint:2010, microsoft:webp_image, microsoft:word:2010, microsoft:word:2010:sp1, , ",
FSF306-001_2025-06-07_12-15-02,80,284,74,15,"7-zip, foxit:reader, microsoft:excel:2010, microsoft:office:2010, microsoft:onenote:2010, microsoft:outlook:2010, microsoft:powerpoint:2010, microsoft:publisher:2010, microsoft:webp_image, windows_defender, microsoft:word:2010, winrar, , ",
LAW104-002_2025-05-31_15-51-24,14,201,56,2,"7-zip, microsoft:excel:2010, microsoft:office:2010, microsoft:office:2010:sp1, microsoft:powerpoint:2010, microsoft:webp_image, microsoft:word:2010, microsoft:word:2010:sp1, , ",
LAW111-001_2025-06-20_13-13-48,168,82,62,2,"adobe:flash_player, adobe:flash_player:10, microsoft:webp_image, winrar, videolan:vlc_media_player, , ",
PSY419-0002_2025-06-07_15-12-17,13,199,55,5,"7-zip, microsoft:excel:2010, microsoft:office:2010, microsoft:office:2010:sp1, microsoft:powerpoint:2010, microsoft:webp_image, microsoft:word:2010, microsoft:word:2010:sp1, , ",
LAW110-001_2025-06-02_13-01-19,15,209,67,2,"7-zip, microsoft:excel:2010, microsoft:office:2010, microsoft:office:2010:sp1, microsoft:powerpoint:2010, microsoft:webp_image, microsoft:word:2010, microsoft:word:2010:sp1, , ",
LAW006-002_2025-06-14_11-54-26,96,309,105,15,"foxit:reader, microsoft:excel:2013, microsoft:office:2013, microsoft:onenote:2013, microsoft:outlook:2013, microsoft:powerpoint:2013, microsoft:publisher:2013, microsoft:webp_image, microsoft:word:2013, winrar, , ",
LAW012-006_2025-06-14_10-58-13,64,155,69,13,"foxit:reader, microsoft:excel:2013, microsoft:office:2013, microsoft:outlook:2013, microsoft:powerpoint:2013, microsoft:word:2013, oracle:jre:1.8.0, , , ",
LAW120-013_2025-05-24_12-02-13,12,199,54,2,"microsoft:3d_builder, microsoft:excel:2010, microsoft:office:2010, microsoft:office:2010:sp1, microsoft:powerpoint:2010, microsoft:webp_image, microsoft:word:2010, microsoft:word:2010:sp1, , ",
LAW104-001_2025-05-31_15-54-59,89,305,103,14,"foxit:reader, microsoft:excel:2013, microsoft:office:2013, microsoft:onenote:2013, microsoft:outlook:2013, microsoft:paint_3d, microsoft:powerpoint:2013, microsoft:publisher:2013, microsoft:webp_image, windows_defender, microsoft:word:2013, , ",
FSF-018-0423_2025-05-31_14-38-17,13,201,56,4,"7-zip, microsoft:excel:2010, microsoft:office:2010, microsoft:office:2010:sp1, microsoft:powerpoint:2010, microsoft:visual_c++:2008, microsoft:webp_image, microsoft:word:2010, microsoft:word:2010:sp1, , ",
FSF317-001_2025-06-07_13-16-48,258,597,361,17,"7-zip, adobe:flash_player, microsoft:excel:2010, microsoft:office:2010, microsoft:office:2010:sp1, microsoft:powerpoint:2010, microsoft:webp_image, microsoft:word:2010, microsoft:word:2010:sp1, mozilla:firefox, , ",
PSY426-009_2025-06-07_15-31-09,43,273,128,10,"7-zip, gimp, git, google:chrome, libreoffice, microsoft:excel:2013, microsoft:office:2013, microsoft:onenote:2013, microsoft:outlook:2013, microsoft:powerpoint:2013, microsoft:publisher:2013, microsoft:visual_studio_code:system_installer, microsoft:webp_image, microsoft:word:2013, pypi:pip, r:r_for_windows, winrar, , ",
LAW124-001_2025-06-07_11-53-22,14,200,55,2,"7-zip, microsoft:excel:2010, microsoft:office:2010, microsoft:office:2010:sp1, microsoft:powerpoint:2010, microsoft:webp_image, microsoft:word:2010, microsoft:word:2010:sp1, , ",
LAW120-0014_2025-05-24_12-11-52,13,199,55,4,"7-zip, microsoft:excel:2010, microsoft:office:2010, microsoft:office:2010:sp1, microsoft:powerpoint:2010, microsoft:webp_image, microsoft:word:2010, microsoft:word:2010:sp1, , ",
PSY408-04_2025-06-07_14-12-02,24,229,99,6,"git, microsoft:excel:2010, microsoft:office:2010, microsoft:onenote:2010, microsoft:outlook:2010, microsoft:powerpoint:2010, microsoft:publisher:2010, microsoft:webp_image, microsoft:word:2010, r:r_for_windows, tortoisegit:tortoisegit, , ",
FSF101-010-0423_2025-06-07_13-46-05,13,201,56,4,"7-zip, microsoft:excel:2010, microsoft:office:2010, microsoft:office:2010:sp1, microsoft:powerpoint:2010, microsoft:visual_c++:2008, microsoft:webp_image, microsoft:word:2010, microsoft:word:2010:sp1, , ",
FSF101-015-0423_2025-05-31_14-37-07,13,201,56,4,"7-zip, microsoft:excel:2010, microsoft:office:2010, microsoft:office:2010:sp1, microsoft:powerpoint:2010, microsoft:visual_c++:2008, microsoft:webp_image, microsoft:word:2010, microsoft:word:2010:sp1, , ",
PSY426-014_2025-06-07_15-47-44,10,46,39,4,"7-zip, microsoft:webp_image, r:r_for_windows, winrar, , ",
PSY418-0001-092_2025-06-07_15-13-48,254,415,219,18,"git, google:chrome, microsoft:excel:2010, microsoft:office:2010, microsoft:office:2010:sp1, microsoft:onenote:2010, microsoft:outlook:2010, microsoft:powerpoint:2010, microsoft:publisher:2010, microsoft:webp_image, microsoft:word:2010, microsoft:word:2010:sp1, mozilla:firefox, r:r_for_windows, tortoisegit:tortoisegit, , , ",
law122-000005,79,268,83,14,"foxit:reader, microsoft:excel:2013, microsoft:office:2013, microsoft:powerpoint:2013, microsoft:webp_image, microsoft:word:2013, , ",
DESKTOP-2O1TSN9_2025-05-31_16-00-26,13,201,56,4,"7-zip, microsoft:excel:2010, microsoft:office:2010, microsoft:office:2010:sp1, microsoft:powerpoint:2010, microsoft:visual_c++:2008, microsoft:webp_image, microsoft:word:2010, microsoft:word:2010:sp1, , ",
PSY408-10_2025-06-07_14-10-48,24,229,99,6,"git, microsoft:excel:2010, microsoft:office:2010, microsoft:onenote:2010, microsoft:outlook:2010, microsoft:powerpoint:2010, microsoft:publisher:2010, microsoft:webp_image, microsoft:word:2010, r:r_for_windows, tortoisegit:tortoisegit, , ",
law122-000015,88,296,97,14,"foxit:reader, microsoft:excel:2013, microsoft:office:2013, microsoft:onenote:2013, microsoft:outlook:2013, microsoft:powerpoint:2013, microsoft:publisher:2013, microsoft:webp_image, microsoft:word:2013, , ",
PSY418-002_2025-06-07_15-12-47,12,195,54,3,"microsoft:excel:2010, microsoft:office:2010, microsoft:office:2010:sp1, microsoft:powerpoint:2010, microsoft:webp_image, microsoft:word:2010, microsoft:word:2010:sp1, , ",
PSY422-0001_2025-06-07_14-42-27,22,227,76,8,"git, microsoft:excel:2010, microsoft:office:2010, microsoft:office:2010:sp1, microsoft:onenote:2010, microsoft:outlook:2010, microsoft:powerpoint:2010, microsoft:publisher:2010, microsoft:webp_image, microsoft:word:2010, microsoft:word:2010:sp1, r:r_for_windows, tortoisegit:tortoisegit, , ",
FSF310-0005_2025-06-07_13-14-17,72,296,231,6,"7-zip, microsoft:excel:2010, microsoft:office:2010, microsoft:office:2010:sp1, microsoft:powerpoint:2010, microsoft:webp_image, microsoft:word:2010, microsoft:word:2010:sp1, , , ",
PSY426-013_2025-06-07_15-48-52,49,281,141,11,"7-zip, gimp, git, libreoffice, microsoft:excel:2013, microsoft:office:2013, microsoft:onenote:2013, microsoft:outlook:2013, microsoft:powerpoint:2013, microsoft:publisher:2013, microsoft:visual_studio_code:system_installer, microsoft:webp_image, microsoft:word:2013, pypi:pip, r:r_for_windows, winrar, , , ",
LAW004-009_2025-06-14_11-51-20,95,310,106,16,"foxit:reader, microsoft:excel:2013, microsoft:office:2013, microsoft:onenote:2013, microsoft:outlook:2013, microsoft:paint_3d, microsoft:powerpoint:2013, microsoft:publisher:2013, microsoft:webp_image, microsoft:word:2013, oracle:jre:1.8.0, , ",
LAW110-002_2025-06-02_12-58-34,18,218,95,6,"7-zip, microsoft:3d_builder, microsoft:excel:2010, microsoft:office:2010, microsoft:office:2010:sp1, microsoft:powerpoint:2010, microsoft:visual_c++:2010, microsoft:webp_image, microsoft:word:2010, microsoft:word:2010:sp1, zoom:zoom:individual_users_install, , ",
PSY023-004_2025-06-14_08-13-03,31,222,88,4,"microsoft:excel:2013, microsoft:office:2013, microsoft:onenote:2013, microsoft:outlook:2013, microsoft:paint_3d, microsoft:powerpoint:2013, microsoft:publisher:2013, microsoft:webp_image, microsoft:word:2013, , ",
law120-009,18,207,68,3,"microsoft:excel:2010, microsoft:office:2010, microsoft:office:2010:sp1, microsoft:powerpoint:2010, microsoft:webp_image, microsoft:word:2010, microsoft:word:2010:sp1, , , ",
PSY416-001_2025-06-07_14-37-05,88,297,98,14,"foxit:reader, microsoft:excel:2013, microsoft:office:2013, microsoft:onenote:2013, microsoft:outlook:2013, microsoft:powerpoint:2013, microsoft:publisher:2013, microsoft:webp_image, microsoft:word:2013, , ",
LAW004-010_2025-06-14_11-52-49,95,310,106,15,"foxit:reader, microsoft:excel:2013, microsoft:office:2013, microsoft:onenote:2013, microsoft:outlook:2013, microsoft:paint_3d, microsoft:powerpoint:2013, microsoft:publisher:2013, microsoft:webp_image, microsoft:word:2013, oracle:jre:1.8.0, , ",
LAW208-001_2025-06-02_13-22-05,258,601,377,18,"7-zip, adobe:flash_player, microsoft:excel:2010, microsoft:office:2010, microsoft:office:2010:sp1, microsoft:powerpoint:2010, microsoft:webp_image, microsoft:word:2010, microsoft:word:2010:sp1, mozilla:firefox, zoom:zoom:individual_users_install, , ",
PSY426-002_2025-06-07_15-36-20,46,74,55,4,"7-zip, inkscape:inkscape, microsoft:webp_image, mozilla:firefox, r:r_for_windows, videolan:vlc_media_player, , ",
PSY422-002_2025-06-07_15-07-30,689,880,775,51,"foxit:reader, microsoft:.net_framework:4.8, microsoft:3d_viewer, microsoft:edge, microsoft:excel:2013, microsoft:heif_image_extensions, microsoft:microsoft_photos, microsoft:office:2013, microsoft:onenote:2013, microsoft:outlook:2013, microsoft:paint_3d, microsoft:powerpoint:2013, microsoft:publisher:2013, microsoft:vp9_video_extensions, microsoft:web_media_video_extensions, microsoft:webp_image, microsoft:word:2013, , , ",
law120-008,12,199,54,2,"microsoft:3d_builder, microsoft:excel:2010, microsoft:office:2010, microsoft:office:2010:sp1, microsoft:powerpoint:2010, microsoft:webp_image, microsoft:word:2010, microsoft:word:2010:sp1, , ",
law108-001,19,210,59,2,"7-zip, adobe:acrobat_dc:::continuous, microsoft:excel:2010, microsoft:office:2010, microsoft:office:2010:sp1, microsoft:powerpoint:2010, microsoft:webp_image, microsoft:word:2010, microsoft:word:2010:sp1, winrar, , ",
PSY408-07_2025-06-07_14-02-04,151,342,195,11,"git, microsoft:.net_framework:4.8, microsoft:edge, microsoft:excel:2010, microsoft:office:2010, microsoft:onenote:2010, microsoft:outlook:2010, microsoft:powerpoint:2010, microsoft:publisher:2010, microsoft:word:2010, r:r_for_windows, tortoisegit:tortoisegit, , , ",
fsf101-008-0423,13,201,56,4,"7-zip, microsoft:excel:2010, microsoft:office:2010, microsoft:office:2010:sp1, microsoft:powerpoint:2010, microsoft:visual_c++:2008, microsoft:webp_image, microsoft:word:2010, microsoft:word:2010:sp1, , ",
FSF313-002_2025-06-07_12-45-22,88,296,97,14,"foxit:reader, microsoft:excel:2013, microsoft:office:2013, microsoft:onenote:2013, microsoft:outlook:2013, microsoft:powerpoint:2013, microsoft:publisher:2013, microsoft:webp_image, microsoft:word:2013, , ",
FSF307-000005_2025-05-28_14-05-43,127,352,295,9,"microsoft:.net_framework:4.8.1, microsoft:edge, microsoft:excel:2010, microsoft:heif_image_extensions, microsoft:microsoft_photos, microsoft:office:2010, microsoft:office:2010:sp1, microsoft:powerpoint:2010, microsoft:webp_image, microsoft:word:2010, microsoft:word:2010:sp1, , , ",
PSY426-015_2025-06-07_15-20-48,19,44,32,3,"7-zip, microsoft:webp_image, mozilla:firefox, r:r_for_windows, , , ",
LAW004-002_2025-06-14_12-04-03,95,310,106,15,"foxit:reader, microsoft:excel:2013, microsoft:office:2013, microsoft:onenote:2013, microsoft:outlook:2013, microsoft:paint_3d, microsoft:powerpoint:2013, microsoft:publisher:2013, microsoft:webp_image, microsoft:word:2013, oracle:jre:1.8.0, , ",
LAW219-002_2025-06-02_14-06-15,8,21,17,1,"7-zip, microsoft:webp_image, , , ",
FSF101-004-0423_2025-06-07_13-44-46,13,201,56,4,"7-zip, microsoft:excel:2010, microsoft:office:2010, microsoft:office:2010:sp1, microsoft:powerpoint:2010, microsoft:visual_c++:2008, microsoft:webp_image, microsoft:word:2010, microsoft:word:2010:sp1, , ",
PSY426-010_2025-06-07_15-32-23,43,269,127,10,"7-zip, gimp, git, libreoffice, microsoft:excel:2013, microsoft:office:2013, microsoft:onenote:2013, microsoft:outlook:2013, microsoft:powerpoint:2013, microsoft:publisher:2013, microsoft:visual_studio_code:system_installer, microsoft:webp_image, microsoft:word:2013, pypi:pip, r:r_for_windows, winrar, , ",
LAW203-001_2025-06-02_12-43-14,257,588,350,17,"7-zip, adobe:flash_player, microsoft:excel:2010, microsoft:office:2010, microsoft:office:2010:sp1, microsoft:powerpoint:2010, microsoft:word:2010, microsoft:word:2010:sp1, mozilla:firefox, , ",
FSF101-011-0423_2025-05-31_14-41-32,112,323,249,9,"7-zip, microsoft:.net_framework:4.8.1, microsoft:edge, microsoft:excel:2010, microsoft:office:2010, microsoft:office:2010:sp1, microsoft:powerpoint:2010, microsoft:visual_c++:2008, microsoft:word:2010, microsoft:word:2010:sp1, , , ",
FSF307-000002_2025-05-28_14-11-54,12,195,56,2,"microsoft:excel:2010, microsoft:office:2010, microsoft:office:2010:sp1, microsoft:powerpoint:2010, microsoft:webp_image, microsoft:word:2010, microsoft:word:2010:sp1, , ",
PSY405-001-0323_2025-06-07_13-29-25,291,503,386,22,"7-zip, git, google:chrome, microsoft:.net_framework:4.8.1, microsoft:edge, microsoft:excel:2010, microsoft:office:2010, microsoft:office:2010:sp1, microsoft:powerpoint:2010, microsoft:webp_image, microsoft:word:2010, microsoft:word:2010:sp1, mozilla:firefox, r:r_for_windows, tortoisegit:tortoisegit, , , ",
LAW122-000007_2025-05-24_13-05-27,79,268,83,14,"foxit:reader, microsoft:excel:2013, microsoft:office:2013, microsoft:powerpoint:2013, microsoft:webp_image, microsoft:word:2013, , ",
FSF101-012-0423_2025-05-31_14-40-33,13,201,56,4,"7-zip, microsoft:excel:2010, microsoft:office:2010, microsoft:office:2010:sp1, microsoft:powerpoint:2010, microsoft:visual_c++:2008, microsoft:webp_image, microsoft:word:2010, microsoft:word:2010:sp1, , ",
law122-000013,88,296,97,14,"foxit:reader, microsoft:excel:2013, microsoft:office:2013, microsoft:onenote:2013, microsoft:outlook:2013, microsoft:powerpoint:2013, microsoft:publisher:2013, microsoft:webp_image, microsoft:word:2013, , ",
PSY417-001-0523_2025-06-07_14-42-40,55,265,99,9,"7-zip, git, microsoft:excel:2010, microsoft:office:2010, microsoft:office:2010:sp1, microsoft:powerpoint:2010, microsoft:visual_c++:2005, microsoft:webp_image, microsoft:word:2010, microsoft:word:2010:sp1, mozilla:firefox, r:r_for_windows, tortoisegit:tortoisegit, , ",
FSF311-001_2025-06-02_13-56-36,258,598,362,17,"7-zip, adobe:flash_player, microsoft:excel:2010, microsoft:office:2010, microsoft:office:2010:sp1, microsoft:powerpoint:2010, microsoft:webp_image, microsoft:word:2010, microsoft:word:2010:sp1, mozilla:firefox, , ",
FSF101-013-0423_2025-05-31_14-40-07,13,201,56,4,"7-zip, microsoft:excel:2010, microsoft:office:2010, microsoft:office:2010:sp1, microsoft:powerpoint:2010, microsoft:visual_c++:2008, microsoft:webp_image, microsoft:word:2010, microsoft:word:2010:sp1, , ",
LAW122-000004_2025-05-24_13-13-44,93,304,132,15,"foxit:reader, microsoft:edge, microsoft:excel:2013, microsoft:office:2013, microsoft:powerpoint:2013, microsoft:webp_image, microsoft:word:2013, , , ",
FSF101-009-0423_2025-05-31_14-33-46,13,201,56,5,"7-zip, microsoft:excel:2010, microsoft:office:2010, microsoft:office:2010:sp1, microsoft:powerpoint:2010, microsoft:visual_c++:2008, microsoft:webp_image, microsoft:word:2010, microsoft:word:2010:sp1, , ",
LAW004-012_2025-06-14_11-54-49,95,310,106,15,"foxit:reader, microsoft:excel:2013, microsoft:office:2013, microsoft:onenote:2013, microsoft:outlook:2013, microsoft:paint_3d, microsoft:powerpoint:2013, microsoft:publisher:2013, microsoft:webp_image, microsoft:word:2013, oracle:jre:1.8.0, , ",
FSF303-003_2025-06-07_12-10-17,257,600,369,20,"7-zip, adobe:flash_player, microsoft:excel:2010, microsoft:office:2010, microsoft:office:2010:sp1, microsoft:powerpoint:2010, microsoft:webp_image, microsoft:word:2010, microsoft:word:2010:sp1, mozilla:firefox, , ",
LAW219-003_2025-06-02_13-55-06,36,225,88,4,"microsoft:excel:2013, microsoft:office:2013, microsoft:onenote:2013, microsoft:outlook:2013, microsoft:powerpoint:2013, microsoft:publisher:2013, microsoft:visual_c++:2008, microsoft:webp_image, microsoft:word:2013, winrar, , ",
law122-000014,265,654,475,30,"7-zip, adobe:acrobat_dc:::continuous, google:pepper_flash, microsoft:excel:2010, microsoft:office:2010, microsoft:office:2010:sp1, microsoft:powerpoint:2010, microsoft:webp_image, microsoft:word:2010, microsoft:word:2010:sp1, mozilla:firefox, , , ",
LAW004-007_2025-06-14_11-47-12,95,310,106,15,"foxit:reader, microsoft:excel:2013, microsoft:office:2013, microsoft:onenote:2013, microsoft:outlook:2013, microsoft:paint_3d, microsoft:powerpoint:2013, microsoft:publisher:2013, microsoft:webp_image, microsoft:word:2013, oracle:jre:1.8.0, , ",
FSF310-0006_2025-06-07_08-48-48,12,199,55,2,"7-zip, microsoft:excel:2010, microsoft:office:2010, microsoft:office:2010:sp1, microsoft:powerpoint:2010, microsoft:webp_image, microsoft:word:2010, microsoft:word:2010:sp1, , ",
PSY408-11_2025-06-07_14-14-00,24,229,99,6,"git, microsoft:excel:2010, microsoft:office:2010, microsoft:onenote:2010, microsoft:outlook:2010, microsoft:powerpoint:2010, microsoft:publisher:2010, microsoft:webp_image, microsoft:word:2010, r:r_for_windows, tortoisegit:tortoisegit, , ",
LAW004-004_2025-06-14_11-58-08,95,310,106,15,"foxit:reader, microsoft:excel:2013, microsoft:office:2013, microsoft:onenote:2013, microsoft:outlook:2013, microsoft:paint_3d, microsoft:powerpoint:2013, microsoft:publisher:2013, microsoft:webp_image, microsoft:word:2013, oracle:jre:1.8.0, , ",
PSY411-006_2025-06-07_13-47-41,108,339,162,12,"git, microsoft:excel:2010, microsoft:office:2010, microsoft:office:2010:sp1, microsoft:powerpoint:2010, microsoft:visual_c++:2005, microsoft:webp_image, microsoft:word:2010, microsoft:word:2010:sp1, mozilla:firefox, r:r_for_windows, tortoisegit:tortoisegit, , ",
PSY403-002_2025-06-20_13-07-41,88,295,97,14,"foxit:reader, microsoft:excel:2013, microsoft:office:2013, microsoft:onenote:2013, microsoft:outlook:2013, microsoft:powerpoint:2013, microsoft:publisher:2013, microsoft:word:2013, , ",
fsf101-001-0423,13,201,56,4,"7-zip, microsoft:excel:2010, microsoft:office:2010, microsoft:office:2010:sp1, microsoft:powerpoint:2010, microsoft:visual_c++:2008, microsoft:webp_image, microsoft:word:2010, microsoft:word:2010:sp1, , ",
law120-015,12,195,54,2,"microsoft:excel:2010, microsoft:office:2010, microsoft:office:2010:sp1, microsoft:powerpoint:2010, microsoft:webp_image, microsoft:word:2010, microsoft:word:2010:sp1, , ",
PSY408-01_2025-06-07_14-22-10,24,229,99,6,"git, microsoft:excel:2010, microsoft:office:2010, microsoft:onenote:2010, microsoft:outlook:2010, microsoft:powerpoint:2010, microsoft:publisher:2010, microsoft:webp_image, microsoft:word:2010, r:r_for_windows, tortoisegit:tortoisegit, , ",
LAW117-001_2025-06-02_13-23-00,18,219,97,6,"7-zip, adobe:acrobat_dc:::continuous, microsoft:excel:2010, microsoft:office:2010, microsoft:office:2010:sp1, microsoft:powerpoint:2010, microsoft:visual_c++:2010, microsoft:webp_image, microsoft:word:2010, microsoft:word:2010:sp1, zoom:zoom:individual_users_install, , ",
PSY426-006_2025-06-07_15-46-42,76,109,94,7,"7-zip, inkscape:inkscape, microsoft:webp_image, mozilla:firefox, r:r_for_windows, winrar, videolan:vlc_media_player, , ",
fsf101-003-0423,13,201,56,4,"7-zip, microsoft:excel:2010, microsoft:office:2010, microsoft:office:2010:sp1, microsoft:powerpoint:2010, microsoft:visual_c++:2008, microsoft:webp_image, microsoft:word:2010, microsoft:word:2010:sp1, , ",
PSY426-017_2025-06-07_15-40-18,40,70,42,3,"7-zip, adobe:acrobat_dc:::continuous, microsoft:webp_image, mozilla:firefox, r:r_for_windows, , ",
FSF101-020-0423_2025-05-31_14-42-18,13,201,56,4,"7-zip, microsoft:excel:2010, microsoft:office:2010, microsoft:office:2010:sp1, microsoft:powerpoint:2010, microsoft:visual_c++:2008, microsoft:webp_image, microsoft:word:2010, microsoft:word:2010:sp1, , ",
LAW120-005_2025-05-24_12-48-24,37,232,101,5,"microsoft:excel:2013, microsoft:office:2013, microsoft:onenote:2013, microsoft:outlook:2013, microsoft:powerpoint:2013, microsoft:publisher:2013, microsoft:webp_image, microsoft:word:2013, , , ",
LAW214A-00001_2025-05-24_11-11-01,16,196,62,3,"microsoft:excel:2010, microsoft:office:2010, microsoft:onenote:2010, microsoft:outlook:2010, microsoft:powerpoint:2010, microsoft:publisher:2010, microsoft:webp_image, microsoft:word:2010, , ",
FSF310-0001_2025-06-07_12-47-03,12,201,59,2,"7-zip, microsoft:excel:2010, microsoft:office:2010, microsoft:office:2010:sp1, microsoft:powerpoint:2010, microsoft:visual_c++:2010, microsoft:webp_image, microsoft:word:2010, microsoft:word:2010:sp1, , ",
LAW122-000009,79,268,83,14,"foxit:reader, microsoft:excel:2013, microsoft:office:2013, microsoft:powerpoint:2013, microsoft:webp_image, microsoft:word:2013, , ",
PSY426-018_2025-06-07_15-40-57,43,75,49,4,"7-zip, inkscape:inkscape, microsoft:webp_image, mozilla:firefox, r:r_for_windows, winrar, videolan:vlc_media_player, , ",
LAW122-000011_2025-05-24_13-03-22,88,296,97,14,"foxit:reader, microsoft:excel:2013, microsoft:office:2013, microsoft:onenote:2013, microsoft:outlook:2013, microsoft:powerpoint:2013, microsoft:publisher:2013, microsoft:webp_image, microsoft:word:2013, , ",
PSY408-15_2025-06-07_14-09-50,45,275,184,8,"git, microsoft:excel:2010, microsoft:office:2010, microsoft:onenote:2010, microsoft:outlook:2010, microsoft:powerpoint:2010, microsoft:publisher:2010, microsoft:webp_image, microsoft:word:2010, r:r_for_windows, tortoisegit:tortoisegit, , , ",
PSY418-14_2025-06-07_14-09-00,24,229,99,6,"git, microsoft:excel:2010, microsoft:office:2010, microsoft:onenote:2010, microsoft:outlook:2010, microsoft:powerpoint:2010, microsoft:publisher:2010, microsoft:webp_image, microsoft:word:2010, r:r_for_windows, tortoisegit:tortoisegit, , ",
FSF313-001_2025-06-07_12-34-22,15,222,78,6,"7-zip, adobe:acrobat_dc:::continuous, microsoft:excel:2010, microsoft:office:2010, microsoft:office:2010:sp1, microsoft:powerpoint:2010, microsoft:webp_image, microsoft:word:2010, microsoft:word:2010:sp1, , ",
FSF311-0002_2025-06-02_13-58-57,14,245,76,7,"7-zip, adobe:acrobat_dc:::continuous, microsoft:excel:2010, microsoft:office:2010, microsoft:office:2010:sp1, microsoft:powerpoint:2010, microsoft:visual_c++:2008, microsoft:webp_image, microsoft:word:2010, microsoft:word:2010:sp1, , ",
FSF303-004_2025-06-07_12-01-00,93,302,99,14,"foxit:reader, microsoft:excel:2013, microsoft:office:2013, microsoft:onenote:2013, microsoft:outlook:2013, microsoft:paint_3d, microsoft:powerpoint:2013, microsoft:publisher:2013, microsoft:webp_image, microsoft:word:2013, winrar, , ",
LAW210-005_2025-06-02_14-15-21,257,594,352,17,"7-zip, adobe:acrobat_dc:::continuous, adobe:flash_player, microsoft:excel:2010, microsoft:office:2010, microsoft:office:2010:sp1, microsoft:powerpoint:2010, microsoft:webp_image, microsoft:word:2010, microsoft:word:2010:sp1, mozilla:firefox, , ",
LAW004-006_2025-06-14_11-46-05,95,310,106,15,"foxit:reader, microsoft:excel:2013, microsoft:office:2013, microsoft:onenote:2013, microsoft:outlook:2013, microsoft:paint_3d, microsoft:powerpoint:2013, microsoft:publisher:2013, microsoft:webp_image, microsoft:word:2013, oracle:jre:1.8.0, , ",
law122-000001,79,268,83,14,"foxit:reader, microsoft:excel:2013, microsoft:office:2013, microsoft:powerpoint:2013, microsoft:webp_image, microsoft:word:2013, , ",
LAW210-004_2025-06-02_14-12-13,88,298,98,14,"foxit:reader, microsoft:excel:2013, microsoft:office:2013, microsoft:onenote:2013, microsoft:outlook:2013, microsoft:paint_3d, microsoft:powerpoint:2013, microsoft:publisher:2013, microsoft:webp_image, microsoft:word:2013, , ",
law120-014,12,195,54,2,"microsoft:excel:2010, microsoft:office:2010, microsoft:office:2010:sp1, microsoft:powerpoint:2010, microsoft:webp_image, microsoft:word:2010, microsoft:word:2010:sp1, , ",
PSY410-001_2025-06-07_13-29-08,88,296,100,14,"foxit:reader, microsoft:excel:2013, microsoft:office:2013, microsoft:onenote:2013, microsoft:outlook:2013, microsoft:powerpoint:2013, microsoft:publisher:2013, microsoft:webp_image, microsoft:word:2013, , ",
LAW012-002_2025-06-14_10-44-03,112,345,162,17,"foxit:reader, microsoft:edge, microsoft:excel:2013, microsoft:office:2013, microsoft:onenote:2013, microsoft:outlook:2013, microsoft:powerpoint:2013, microsoft:publisher:2013, microsoft:webp_image, microsoft:word:2013, oracle:jre:1.8.0, , , ",
LAW012-004_2025-06-14_10-50-09,108,348,163,17,"foxit:reader, microsoft:excel:2013, microsoft:office:2013, microsoft:onenote:2013, microsoft:outlook:2013, microsoft:paint_3d, microsoft:powerpoint:2013, microsoft:publisher:2013, microsoft:webp_image, windows_defender, microsoft:word:2013, oracle:jre:1.8.0, , , ",
LAW114-001_2025-06-07_11-23-43,14,201,56,2,"7-zip, microsoft:excel:2010, microsoft:office:2010, microsoft:office:2010:sp1, microsoft:powerpoint:2010, microsoft:webp_image, microsoft:word:2010, microsoft:word:2010:sp1, , ",
FSF314-001_2025-06-14_12-33-33,88,298,98,14,"foxit:reader, microsoft:excel:2013, microsoft:office:2013, microsoft:onenote:2013, microsoft:outlook:2013, microsoft:paint_3d, microsoft:powerpoint:2013, microsoft:publisher:2013, microsoft:webp_image, microsoft:word:2013, , ",
LAW008-001_2025-06-14_12-08-40,95,315,116,15,"foxit:reader, microsoft:excel:2013, microsoft:office:2013, microsoft:onenote:2013, microsoft:outlook:2013, microsoft:powerpoint:2013, microsoft:publisher:2013, microsoft:webp_image, windows_defender, microsoft:word:2013, , , ",
LAW107-002_2025-05-31_16-21-27,100,324,117,15,"foxit:reader, microsoft:edge, microsoft:excel:2013, microsoft:office:2013, microsoft:onenote:2013, microsoft:outlook:2013, microsoft:powerpoint:2013, microsoft:publisher:2013, microsoft:webp_image, windows_defender, microsoft:word:2013, winrar, , , ",
fsf101-006-0423,13,201,56,4,"7-zip, microsoft:excel:2010, microsoft:office:2010, microsoft:office:2010:sp1, microsoft:powerpoint:2010, microsoft:visual_c++:2008, microsoft:webp_image, microsoft:word:2010, microsoft:word:2010:sp1, , ",
LAW214A-00002_2025-06-02_12-21-09,16,200,63,3,"7-zip, microsoft:excel:2010, microsoft:office:2010, microsoft:onenote:2010, microsoft:outlook:2010, microsoft:powerpoint:2010, microsoft:publisher:2010, microsoft:webp_image, microsoft:word:2010, , ",
LAW121-001_2025-06-07_11-57-40,93,300,98,14,"foxit:reader, microsoft:excel:2013, microsoft:office:2013, microsoft:onenote:2013, microsoft:outlook:2013, microsoft:powerpoint:2013, microsoft:publisher:2013, microsoft:webp_image, microsoft:word:2013, winrar, , ",
PSY403-001_2025-06-20_13-10-36,167,75,54,1,"7-zip, adobe:flash_player, adobe:flash_player:10, winrar, videolan:vlc_media_player, , ",
PSY535-001_2025-06-14_11-35-17,31,220,87,4,"microsoft:excel:2013, microsoft:office:2013, microsoft:onenote:2013, microsoft:outlook:2013, microsoft:powerpoint:2013, microsoft:publisher:2013, microsoft:webp_image, microsoft:word:2013, , ",
law122-00012,94,308,111,16,"foxit:reader, microsoft:excel:2013, microsoft:office:2013, microsoft:onenote:2013, microsoft:outlook:2013, microsoft:powerpoint:2013, microsoft:publisher:2013, microsoft:webp_image, microsoft:word:2013, , , ",
PSY426-005_2025-06-07_15-52-41,21,91,140,53,"microsoft:webp_image, nvidia:geforce_experience, r:r_for_windows, simon_tatham:putty, videolan:vlc_media_player, , , ",
law122-000006,62,83,12,10,"foxit:reader, microsoft:webp_image, winrar, , ",
PSY411-004_2025-06-07_13-50-39,108,344,169,12,"adobe:acrobat_dc:::continuous, git, microsoft:excel:2010, microsoft:office:2010, microsoft:office:2010:sp1, microsoft:powerpoint:2010, microsoft:webp_image, microsoft:word:2010, microsoft:word:2010:sp1, mozilla:firefox, r:r_for_windows, tortoisegit:tortoisegit, , ",
fsf101-007-0423,13,201,56,4,"7-zip, microsoft:excel:2010, microsoft:office:2010, microsoft:office:2010:sp1, microsoft:powerpoint:2010, microsoft:visual_c++:2008, microsoft:webp_image, microsoft:word:2010, microsoft:word:2010:sp1, , ",
PSY401-001-1024_2025-06-07_14-44-59,6,28,21,1,"7-zip, adobe:acrobat_dc:::continuous, google:pepper_flash, microsoft:webp_image, , ",
LAW214-010_2025-06-02_14-06-50,257,589,350,17,"7-zip, adobe:flash_player, microsoft:excel:2010, microsoft:office:2010, microsoft:office:2010:sp1, microsoft:powerpoint:2010, microsoft:webp_image, microsoft:word:2010, microsoft:word:2010:sp1, mozilla:firefox, , ",
PSY420-002_2025-06-07_15-13-14,108,343,171,15,"foxit:reader, microsoft:edge, microsoft:excel:2013, microsoft:office:2013, microsoft:onenote:2013, microsoft:outlook:2013, microsoft:paint_3d, microsoft:powerpoint:2013, microsoft:publisher:2013, microsoft:webp_image, microsoft:word:2013, , , ",
FSF310-0007_2025-06-07_12-49-24,73,296,230,6,"7-zip, microsoft:.net_framework:4.8.1, microsoft:excel:2010, microsoft:office:2010, microsoft:office:2010:sp1, microsoft:powerpoint:2010, microsoft:webp_image, microsoft:word:2010, microsoft:word:2010:sp1, , , ",
PSY022-001_2025-06-14_12-06-19,93,300,98,14,"foxit:reader, microsoft:excel:2013, microsoft:office:2013, microsoft:onenote:2013, microsoft:outlook:2013, microsoft:powerpoint:2013, microsoft:publisher:2013, microsoft:webp_image, microsoft:word:2013, winrar, , ",
LAW014-001_2025-06-14_12-19-55,91,308,106,15,"foxit:reader, microsoft:excel:2013, microsoft:office:2013, microsoft:onenote:2013, microsoft:outlook:2013, microsoft:paint_3d, microsoft:powerpoint:2013, microsoft:publisher:2013, microsoft:webp_image, microsoft:word:2013, , ",
PSY411-005_2025-06-07_13-46-44,13,201,56,4,"7-zip, microsoft:excel:2010, microsoft:office:2010, microsoft:office:2010:sp1, microsoft:powerpoint:2010, microsoft:visual_c++:2008, microsoft:webp_image, microsoft:word:2010, microsoft:word:2010:sp1, , ",
PSY023-002_2025-06-14_12-11-31,31,222,88,4,"microsoft:excel:2013, microsoft:office:2013, microsoft:onenote:2013, microsoft:outlook:2013, microsoft:paint_3d, microsoft:powerpoint:2013, microsoft:publisher:2013, microsoft:webp_image, microsoft:word:2013, , ",
psy408-05,24,229,99,6,"git, microsoft:excel:2010, microsoft:office:2010, microsoft:onenote:2010, microsoft:outlook:2010, microsoft:powerpoint:2010, microsoft:publisher:2010, microsoft:webp_image, microsoft:word:2010, r:r_for_windows, tortoisegit:tortoisegit, , ",
FSF101-016-0423_2025-05-31_14-35-22,19,213,70,6,"7-zip, microsoft:excel:2010, microsoft:office:2010, microsoft:office:2010:sp1, microsoft:powerpoint:2010, microsoft:visual_c++:2008, microsoft:webp_image, microsoft:word:2010, microsoft:word:2010:sp1, , , ",
LAW120-011_2025-05-24_11-56-17,18,207,68,3,"microsoft:excel:2010, microsoft:office:2010, microsoft:office:2010:sp1, microsoft:powerpoint:2010, microsoft:webp_image, microsoft:word:2010, microsoft:word:2010:sp1, , , ",
law122-000002,62,83,12,11,"foxit:reader, microsoft:webp_image, winrar, , ",
PSY412-002-1124_2025-06-07_14-26-37,191,472,266,26,"foxit:reader, git, microsoft:edge, microsoft:excel:2010, microsoft:office:2010, microsoft:office:2010:sp1, microsoft:onenote:2010, microsoft:outlook:2010, microsoft:powerpoint:2010, microsoft:publisher:2010, microsoft:webp_image, microsoft:word:2010, microsoft:word:2010:sp1, mozilla:firefox, r:r_for_windows, tortoisegit:tortoisegit, , , ",
LAW122-000010_2025-05-24_13-00-14,79,268,83,14,"foxit:reader, microsoft:excel:2013, microsoft:office:2013, microsoft:powerpoint:2013, microsoft:webp_image, microsoft:word:2013, , ",
PSY426-007_2025-06-07_15-56-02,6,16,15,1,"microsoft:malicious_software_removal_tool, microsoft:webp_image, , , ",
FSF101-021-0423_2025-05-31_14-47-04,19,213,70,5,"7-zip, microsoft:excel:2010, microsoft:office:2010, microsoft:office:2010:sp1, microsoft:powerpoint:2010, microsoft:visual_c++:2008, microsoft:webp_image, microsoft:word:2010, microsoft:word:2010:sp1, , , ",
LAW004-003_2025-06-14_11-36-04,95,310,106,15,"foxit:reader, microsoft:excel:2013, microsoft:office:2013, microsoft:onenote:2013, microsoft:outlook:2013, microsoft:paint_3d, microsoft:powerpoint:2013, microsoft:publisher:2013, microsoft:webp_image, microsoft:word:2013, oracle:jre:1.8.0, , ",
LAW004-008_2025-06-14_11-47-58,95,310,106,15,"foxit:reader, microsoft:excel:2013, microsoft:office:2013, microsoft:onenote:2013, microsoft:outlook:2013, microsoft:paint_3d, microsoft:powerpoint:2013, microsoft:publisher:2013, microsoft:webp_image, microsoft:word:2013, oracle:jre:1.8.0, , ",
PSY408-12_2025-06-07_14-20-56,24,229,99,6,"git, microsoft:excel:2010, microsoft:office:2010, microsoft:onenote:2010, microsoft:outlook:2010, microsoft:powerpoint:2010, microsoft:publisher:2010, microsoft:webp_image, microsoft:word:2010, r:r_for_windows, tortoisegit:tortoisegit, , ",
FSF310-0002_2025-06-07_13-00-55,18,216,70,3,"7-zip, microsoft:edge, microsoft:excel:2010, microsoft:office:2010, microsoft:office:2010:sp1, microsoft:powerpoint:2010, microsoft:webp_image, microsoft:word:2010, microsoft:word:2010:sp1, , , ",
LAW210-002_2025-06-02_14-35-11,21,222,89,4,"7-zip, microsoft:excel:2010, microsoft:office:2010, microsoft:office:2010:sp1, microsoft:powerpoint:2010, microsoft:visual_c++:2008, microsoft:webp_image, microsoft:word:2010, microsoft:word:2010:sp1, , , ",
FSF302-003_2025-06-07_13-00-25,89,303,102,14,"foxit:reader, microsoft:excel:2013, microsoft:office:2013, microsoft:onenote:2013, microsoft:outlook:2013, microsoft:powerpoint:2013, microsoft:publisher:2013, microsoft:webp_image, windows_defender, microsoft:word:2013, , ",
LAW-000016_2025-05-24_13-16-16,88,296,97,14,"foxit:reader, microsoft:excel:2013, microsoft:office:2013, microsoft:onenote:2013, microsoft:outlook:2013, microsoft:powerpoint:2013, microsoft:publisher:2013, microsoft:webp_image, microsoft:word:2013, , ",
FSF307-001_2025-05-28_14-28-40,263,600,365,18,"7-zip, adobe:flash_player, microsoft:excel:2010, microsoft:office:2010, microsoft:office:2010:sp1, microsoft:powerpoint:2010, microsoft:word:2010, microsoft:word:2010:sp1, mozilla:firefox, , , ",
LAW012-003_2025-06-14_10-46-58,112,347,163,17,"foxit:reader, microsoft:edge, microsoft:excel:2013, microsoft:office:2013, microsoft:onenote:2013, microsoft:outlook:2013, microsoft:paint_3d, microsoft:powerpoint:2013, microsoft:publisher:2013, microsoft:webp_image, microsoft:word:2013, oracle:jre:1.8.0, , , ",
PSY408-13_2025-06-07_14-15-00,24,229,99,6,"git, microsoft:excel:2010, microsoft:office:2010, microsoft:onenote:2010, microsoft:outlook:2010, microsoft:powerpoint:2010, microsoft:publisher:2010, microsoft:webp_image, microsoft:word:2010, r:r_for_windows, tortoisegit:tortoisegit, , ",
FSF300-003_2025-06-07_11-59-08,89,303,102,14,"foxit:reader, microsoft:excel:2013, microsoft:office:2013, microsoft:onenote:2013, microsoft:outlook:2013, microsoft:powerpoint:2013, microsoft:publisher:2013, microsoft:webp_image, windows_defender, microsoft:word:2013, , ",
FSF300-002_2025-06-07_12-07-46,13,208,74,3,"microsoft:excel:2010, microsoft:office:2010, microsoft:office:2010:sp1, microsoft:powerpoint:2010, microsoft:webp_image, microsoft:word:2010, microsoft:word:2010:sp1, , ",
FSF101-014-0423_2025-05-31_14-39-33,258,498,520,19,"7-zip, microsoft:.net_framework:4.8.1, microsoft:edge, microsoft:excel:2010, microsoft:office:2010, microsoft:office:2010:sp1, microsoft:powerpoint:2010, microsoft:visual_c++:2008, microsoft:word:2010, microsoft:word:2010:sp1, , , ",
FSF302-001_2025-06-07_12-31-26,94,309,105,15,"foxit:reader, microsoft:excel:2013, microsoft:office:2013, microsoft:onenote:2013, microsoft:outlook:2013, microsoft:paint_3d, microsoft:powerpoint:2013, microsoft:publisher:2013, microsoft:webp_image, windows_defender, microsoft:word:2013, winrar, , ",
PSY424-002_2025-06-07_15-04-33,218,546,545,23,"foxit:reader, microsoft:.net_framework:4.8.1, microsoft:edge, microsoft:excel:2013, microsoft:office:2013, microsoft:onenote:2013, microsoft:outlook:2013, microsoft:paint_3d, microsoft:powerpoint:2013, microsoft:publisher:2013, microsoft:word:2013, , , ",
LAW010-001_2025-06-14_12-07-34,100,312,106,15,"foxit:reader, microsoft:excel:2013, microsoft:office:2013, microsoft:onenote:2013, microsoft:outlook:2013, microsoft:powerpoint:2013, microsoft:publisher:2013, microsoft:webp_image, microsoft:word:2013, oracle:jre:1.8.0, winrar, , ",
LAW012-008_2025-06-14_11-06-32,107,341,158,18,"foxit:reader, microsoft:excel:2013, microsoft:office:2013, microsoft:onenote:2013, microsoft:outlook:2013, microsoft:paint_3d, microsoft:powerpoint:2013, microsoft:publisher:2013, microsoft:webp_image, microsoft:word:2013, oracle:jre:1.8.0, , , ",
LAW117-002_2025-06-02_14-33-33,14,201,56,2,"7-zip, microsoft:excel:2010, microsoft:office:2010, microsoft:office:2010:sp1, microsoft:powerpoint:2010, microsoft:webp_image, microsoft:word:2010, microsoft:word:2010:sp1, , ",
LAW120-007_2025-05-24_12-09-44,12,195,54,2,"microsoft:excel:2010, microsoft:office:2010, microsoft:office:2010:sp1, microsoft:powerpoint:2010, microsoft:webp_image, microsoft:word:2010, microsoft:word:2010:sp1, , ",
LAW211-001_2025-06-07_12-10-32,37,232,101,5,"microsoft:excel:2013, microsoft:office:2013, microsoft:onenote:2013, microsoft:outlook:2013, microsoft:powerpoint:2013, microsoft:publisher:2013, microsoft:webp_image, microsoft:word:2013, , , ",
UI205-003_2025-06-02_13-13-06,43,274,136,6,"7-zip, adobe:acrobat_dc:::continuous, microsoft:3d_builder, microsoft:edge, microsoft:excel:2010, microsoft:office:2010, microsoft:office:2010:sp1, microsoft:powerpoint:2010, microsoft:webp_image, microsoft:word:2010, microsoft:word:2010:sp1, , , ",
PSY414-001-0523_2025-06-07_14-29-28,116,341,171,14,"git, microsoft:excel:2010, microsoft:office:2010, microsoft:office:2010:sp1, microsoft:onenote:2010, microsoft:outlook:2010, microsoft:powerpoint:2010, microsoft:publisher:2010, microsoft:webp_image, microsoft:word:2010, microsoft:word:2010:sp1, mozilla:firefox, r:r_for_windows, tortoisegit:tortoisegit, , , ",
PSY408-019_2025-06-07_14-05-29,88,298,98,14,"foxit:reader, microsoft:excel:2013, microsoft:office:2013, microsoft:onenote:2013, microsoft:outlook:2013, microsoft:paint_3d, microsoft:powerpoint:2013, microsoft:publisher:2013, microsoft:webp_image, microsoft:word:2013, , ",
LAW207-001_2025-06-02_13-37-50,257,591,372,18,"7-zip, adobe:flash_player, microsoft:excel:2010, microsoft:office:2010, microsoft:office:2010:sp1, microsoft:powerpoint:2010, microsoft:word:2010, microsoft:word:2010:sp1, mozilla:firefox, zoom:zoom:individual_users_install, , ",
FSF101-017-0423_2025-05-31_14-35-57,13,201,56,4,"7-zip, microsoft:excel:2010, microsoft:office:2010, microsoft:office:2010:sp1, microsoft:powerpoint:2010, microsoft:visual_c++:2008, microsoft:webp_image, microsoft:word:2010, microsoft:word:2010:sp1, , ",
FSF307-000003_2025-05-28_14-04-01,12,195,54,2,"microsoft:excel:2010, microsoft:office:2010, microsoft:office:2010:sp1, microsoft:powerpoint:2010, microsoft:webp_image, microsoft:word:2010, microsoft:word:2010:sp1, , ",
LAW120-006_2025-05-24_12-01-05,12,195,54,2,"microsoft:excel:2010, microsoft:office:2010, microsoft:office:2010:sp1, microsoft:powerpoint:2010, microsoft:webp_image, microsoft:word:2010, microsoft:word:2010:sp1, , ",
law120-016,6,15,15,1,"microsoft:webp_image, , , ",
PSY408-17_2025-06-07_14-07-19,24,229,99,6,"git, microsoft:excel:2010, microsoft:office:2010, microsoft:onenote:2010, microsoft:outlook:2010, microsoft:powerpoint:2010, microsoft:publisher:2010, microsoft:webp_image, microsoft:word:2010, r:r_for_windows, tortoisegit:tortoisegit, , ",
LAW203-0002_2025-06-02_12-40-34,13,198,56,4,"7-zip, microsoft:excel:2010, microsoft:office:2010, microsoft:office:2010:sp1, microsoft:powerpoint:2010, microsoft:word:2010, microsoft:word:2010:sp1, , ",
FSF303-001_2025-06-07_12-13-00,16,218,74,3,"7-zip, adobe:acrobat_dc:::continuous, microsoft:excel:2010, microsoft:office:2010, microsoft:office:2010:sp1, microsoft:powerpoint:2010, microsoft:webp_image, microsoft:word:2010, microsoft:word:2010:sp1, , ",
LAW112-001_2025-06-02_12-58-55,257,592,351,17,"7-zip, adobe:acrobat_dc:::continuous, adobe:flash_player, microsoft:excel:2010, microsoft:office:2010, microsoft:powerpoint:2010, microsoft:visual_c++:2010, microsoft:webp_image, microsoft:word:2010, mozilla:firefox, , ",
fsf101-002-0423,13,201,56,5,"7-zip, microsoft:excel:2010, microsoft:office:2010, microsoft:office:2010:sp1, microsoft:powerpoint:2010, microsoft:visual_c++:2008, microsoft:webp_image, microsoft:word:2010, microsoft:word:2010:sp1, , ",
LAW208-002_2025-06-02_13-26-31,95,315,116,15,"foxit:reader, microsoft:excel:2013, microsoft:office:2013, microsoft:onenote:2013, microsoft:outlook:2013, microsoft:powerpoint:2013, microsoft:publisher:2013, microsoft:webp_image, windows_defender, microsoft:word:2013, , , ",
Law103-001,12,195,54,2,"microsoft:excel:2010, microsoft:office:2010, microsoft:office:2010:sp1, microsoft:powerpoint:2010, microsoft:webp_image, microsoft:word:2010, microsoft:word:2010:sp1, , ",
FSF310-0003_2025-06-07_12-59-10,73,296,230,6,"7-zip, microsoft:.net_framework:4.8.1, microsoft:excel:2010, microsoft:office:2010, microsoft:office:2010:sp1, microsoft:powerpoint:2010, microsoft:webp_image, microsoft:word:2010, microsoft:word:2010:sp1, , , ",
PSY419-003-0423_2025-06-07_15-09-01,16,208,87,6,"7-zip, microsoft:excel:2010, microsoft:office:2010, microsoft:office:2010:sp1, microsoft:powerpoint:2010, microsoft:visual_c++:2008, microsoft:webp_image, microsoft:word:2010, microsoft:word:2010:sp1, zoom:zoom:individual_users_install, , ",
PSY422-004_2025-06-07_14-40-33,88,298,98,14,"foxit:reader, microsoft:excel:2013, microsoft:office:2013, microsoft:onenote:2013, microsoft:outlook:2013, microsoft:paint_3d, microsoft:powerpoint:2013, microsoft:publisher:2013, microsoft:webp_image, microsoft:word:2013, , ",
LAW212-NEW3-001_2025-06-07_11-54-12,13,200,56,4,"7-zip, microsoft:excel:2010, microsoft:office:2010, microsoft:office:2010:sp1, microsoft:powerpoint:2010, microsoft:webp_image, microsoft:word:2010, microsoft:word:2010:sp1, , ",
FSF302-002_2025-06-07_12-34-43,93,302,99,14,"foxit:reader, microsoft:excel:2013, microsoft:office:2013, microsoft:onenote:2013, microsoft:outlook:2013, microsoft:paint_3d, microsoft:powerpoint:2013, microsoft:publisher:2013, microsoft:webp_image, microsoft:word:2013, winrar, , ",
PSY408-08_2025-06-07_14-06-49,24,230,99,6,"git, microsoft:excel:2010, microsoft:office:2010, microsoft:onenote:2010, microsoft:outlook:2010, microsoft:powerpoint:2010, microsoft:publisher:2010, microsoft:visual_c++:2008, microsoft:webp_image, microsoft:word:2010, r:r_for_windows, tortoisegit:tortoisegit, , ",
PSY420-0001-102_2025-06-07_14-34-45,112,346,168,13,"git, microsoft:excel:2010, microsoft:office:2010, microsoft:office:2010:sp1, microsoft:onenote:2010, microsoft:outlook:2010, microsoft:powerpoint:2010, microsoft:publisher:2010, microsoft:visual_c++:2005, microsoft:webp_image, microsoft:word:2010, microsoft:word:2010:sp1, mozilla:firefox, r:r_for_windows, tortoisegit:tortoisegit, , ",
PSY413-003-0423_2025-06-07_15-11-32,112,345,168,14,"git, microsoft:excel:2010, microsoft:office:2010, microsoft:office:2010:sp1, microsoft:onenote:2010, microsoft:outlook:2010, microsoft:powerpoint:2010, microsoft:publisher:2010, microsoft:webp_image, microsoft:word:2010, microsoft:word:2010:sp1, mozilla:firefox, r:r_for_windows, tortoisegit:tortoisegit, , ",
PSY015-002_2025-06-14_12-42-30,88,298,98,14,"foxit:reader, microsoft:excel:2013, microsoft:office:2013, microsoft:onenote:2013, microsoft:outlook:2013, microsoft:paint_3d, microsoft:powerpoint:2013, microsoft:publisher:2013, microsoft:webp_image, microsoft:word:2013, , ",
fsf101-005-0423,13,201,56,5,"7-zip, microsoft:excel:2010, microsoft:office:2010, microsoft:office:2010:sp1, microsoft:powerpoint:2010, microsoft:visual_c++:2008, microsoft:webp_image, microsoft:word:2010, microsoft:word:2010:sp1, , ",
PSY408-18_2025-06-07_14-05-37,64,548,523,21,"adobe:shockwave_flash_activex, git, microsoft:.net_framework:4.8, microsoft:excel:2010, microsoft:ie:11, microsoft:office:2010, microsoft:office:2010:sp1, microsoft:powerpoint:2010, microsoft:webp_image, microsoft:word:2010, microsoft:word:2010:sp1, r:r_for_windows, tortoisegit:tortoisegit, , _10:2004::x64, ",
LAW004-001_2025-06-14_12-05-37,95,310,106,15,"foxit:reader, microsoft:excel:2013, microsoft:office:2013, microsoft:onenote:2013, microsoft:outlook:2013, microsoft:paint_3d, microsoft:powerpoint:2013, microsoft:publisher:2013, microsoft:webp_image, microsoft:word:2013, oracle:jre:1.8.0, , ",
LAW122-000008_2025-05-24_13-30-53,258,615,371,18,"7-zip, adobe:flash_player, microsoft:3d_builder, microsoft:excel:2010, microsoft:office:2010, microsoft:office:2010:sp1, microsoft:powerpoint:2010, microsoft:webp_image, microsoft:word:2010, microsoft:word:2010:sp1, mozilla:firefox, , ",
LAW616-002_2025-06-07_11-40-44,24,226,105,3,"microsoft:excel:2010, microsoft:office:2010, microsoft:office:2010:sp1, microsoft:powerpoint:2010, microsoft:webp_image, microsoft:word:2010, microsoft:word:2010:sp1, , , ",
PSY405-002,0,5,2,0,"7-zip, microsoft:webp_image, , ",
PSY410-003_2025-06-07_13-52-59,103,338,166,15,"foxit:reader, microsoft:excel:2013, microsoft:office:2013, microsoft:onenote:2013, microsoft:outlook:2013, microsoft:paint_3d, microsoft:powerpoint:2013, microsoft:publisher:2013, microsoft:visual_c++:2005, microsoft:webp_image, microsoft:word:2013, , , ",
PSY408-16_2025-06-07_14-07-43,24,229,99,6,"git, microsoft:excel:2010, microsoft:office:2010, microsoft:onenote:2010, microsoft:outlook:2010, microsoft:powerpoint:2010, microsoft:publisher:2010, microsoft:webp_image, microsoft:word:2010, r:r_for_windows, tortoisegit:tortoisegit, , ",
LAW122-0006_2025-05-28_12-51-32,18,207,68,3,"microsoft:excel:2010, microsoft:office:2010, microsoft:office:2010:sp1, microsoft:powerpoint:2010, microsoft:webp_image, microsoft:word:2010, microsoft:word:2010:sp1, , , ",
PSY023-006_2025-06-14_12-14-52,31,222,91,5,"microsoft:excel:2013, microsoft:office:2013, microsoft:onenote:2013, microsoft:outlook:2013, microsoft:paint_3d, microsoft:powerpoint:2013, microsoft:publisher:2013, microsoft:webp_image, microsoft:word:2013, , ",
LAW004-013_2025-06-14_11-50-26,95,310,106,15,"foxit:reader, microsoft:excel:2013, microsoft:office:2013, microsoft:onenote:2013, microsoft:outlook:2013, microsoft:paint_3d, microsoft:powerpoint:2013, microsoft:publisher:2013, microsoft:webp_image, microsoft:word:2013, oracle:jre:1.8.0, , ",
LAW104-003_2025-05-31_15-49-17,14,200,55,2,"7-zip, microsoft:excel:2010, microsoft:office:2010, microsoft:office:2010:sp1, microsoft:powerpoint:2010, microsoft:webp_image, microsoft:word:2010, microsoft:word:2010:sp1, , ",
FSF315-001_2025-06-07_09-12-44,690,887,780,51,"foxit:reader, microsoft:.net_framework:4.8, microsoft:3d_viewer, microsoft:edge, microsoft:excel:2013, microsoft:heif_image_extensions, microsoft:microsoft_photos, microsoft:office:2013, microsoft:onenote:2013, microsoft:outlook:2013, microsoft:paint_3d, microsoft:powerpoint:2013, microsoft:publisher:2013, microsoft:vp9_video_extensions, microsoft:web_media_video_extensions, microsoft:webp_image, windows_defender, microsoft:word:2013, , , ",
PSY023-001_2025-06-14_08-10-13,31,222,88,4,"microsoft:excel:2013, microsoft:office:2013, microsoft:onenote:2013, microsoft:outlook:2013, microsoft:paint_3d, microsoft:powerpoint:2013, microsoft:publisher:2013, microsoft:webp_image, microsoft:word:2013, , ",
LAW-12-014-01_2025-06-20_12-14-45,18,212,78,4,"7-zip, microsoft:excel:2010, microsoft:office:2010, microsoft:office:2010:sp1, microsoft:powerpoint:2010, microsoft:word:2010, microsoft:word:2010:sp1, winrar, , ",
FSF101-019-0423_2025-05-31_14-38-56,19,213,70,5,"7-zip, microsoft:excel:2010, microsoft:office:2010, microsoft:office:2010:sp1, microsoft:powerpoint:2010, microsoft:visual_c++:2008, microsoft:webp_image, microsoft:word:2010, microsoft:word:2010:sp1, , , ",
LAW120-012_2025-05-24_11-52-21,12,195,54,2,"microsoft:excel:2010, microsoft:office:2010, microsoft:office:2010:sp1, microsoft:powerpoint:2010, microsoft:webp_image, microsoft:word:2010, microsoft:word:2010:sp1, , ",
PSY426-004_2025-06-07_15-45-25,31,218,89,4,"microsoft:excel:2013, microsoft:office:2013, microsoft:onenote:2013, microsoft:outlook:2013, microsoft:powerpoint:2013, microsoft:publisher:2013, microsoft:webp_image, microsoft:word:2013, , ",
FSF306-001_2025-05-28_13-17-58,80,284,74,15,"7-zip, foxit:reader, microsoft:excel:2010, microsoft:office:2010, microsoft:onenote:2010, microsoft:outlook:2010, microsoft:powerpoint:2010, microsoft:publisher:2010, microsoft:webp_image, windows_defender, microsoft:word:2010, winrar, , ",
